id,level_id,"display_name","field",is_tag,is_value,in_library,is_del,"created_at","updated_at"
1,1,"集团名称","",0,0,0,0,"2017-03-19 01:13:29","2017-04-11 00:06:48"
2,1,"集团logo","",0,0,0,0,"2017-03-19 01:13:41","2017-04-11 00:06:48"
3,1,"信息填写","",0,0,0,0,"2017-03-19 01:13:59","2017-04-11 00:06:48"
4,1,"信息填写","",0,0,0,0,"2017-03-19 01:14:05","2017-03-19 16:34:01"
5,2,"项目数量","",0,0,0,0,"2017-03-19 01:14:09","2017-04-11 00:06:48"
6,2,"建完数量","",0,0,0,0,"2017-03-19 01:14:40","2017-04-11 00:06:48"
7,2,"未建数量","",0,0,0,0,"2017-03-19 01:16:23","2017-04-11 00:06:48"
8,2,"项目容量","",0,0,0,0,"2017-03-19 01:16:32","2017-04-11 00:06:48"
9,2,"建完容量","",0,0,0,0,"2017-03-19 01:16:44","2017-04-11 00:06:48"
10,2,"未建容量","",0,0,0,0,"2017-03-19 01:17:04","2017-04-11 00:06:48"
11,2,"在建容量","",0,0,0,0,"2017-03-19 01:17:12","2017-04-11 00:06:48"
12,3,"负责人","",0,0,0,0,"2017-03-19 01:17:25","2017-04-11 00:06:48"
13,3,"联系方式","",0,0,0,0,"2017-03-19 01:19:57","2017-04-11 00:06:48"
14,3,"序号","",0,0,0,0,"2017-03-19 01:20:04","2017-04-11 00:07:27"
15,3,"项目名称","",0,0,0,0,"2017-03-19 01:20:11","2017-04-11 00:06:48"
16,3,"项目编号","entityId",1,0,0,0,"2017-03-19 01:20:17","2017-04-11 00:07:36"
17,3,"地理位置","",0,0,0,0,"2017-03-19 01:20:28","2017-04-11 00:06:48"
18,3,"投建时间","",0,0,0,0,"2017-03-19 01:20:36","2017-04-11 00:06:48"
19,3,"建成时间","",0,0,0,0,"2017-03-19 01:20:45","2017-04-11 00:06:48"
20,3,"装机容量","",0,0,0,0,"2017-03-19 01:20:57","2017-04-11 00:06:48"
21,3,"光伏板角度","",0,0,0,0,"2017-03-19 01:21:05","2017-04-11 00:06:48"
22,3,"上网电压","",0,0,0,0,"2017-03-19 01:21:11","2017-04-11 00:06:48"
23,3,"支路数量","",0,0,0,0,"2017-03-19 01:21:26","2017-04-11 00:06:48"
24,3,"分站数量","",0,0,0,0,"2017-03-19 01:21:34","2017-04-11 00:06:48"
25,3,"变压器数量","",0,0,0,0,"2017-03-19 01:21:40","2017-04-11 00:06:48"
26,3,"逆变器数量","",0,0,0,0,"2017-03-19 01:21:52","2017-04-11 00:06:48"
27,3,"汇流箱数量","",0,0,0,0,"2017-03-19 01:22:10","2017-04-11 00:06:48"
28,3,"光伏板数量","",0,0,0,0,"2017-03-19 01:22:21","2017-04-11 00:06:48"
29,4,"序号","",0,0,0,0,"2017-03-19 01:24:01","2017-04-11 00:06:48"
30,4,"支路编号","entityId",1,0,0,0,"2017-03-19 01:24:09","2017-04-11 00:08:17"
31,4,"支路容量","",0,0,0,0,"2017-03-19 01:24:16","2017-04-11 00:06:48"
32,4,"支路电压","",0,0,0,0,"2017-03-19 01:24:23","2017-04-11 00:06:48"
33,4,"支路分站数量","",0,0,0,0,"2017-03-19 01:24:33","2017-04-11 00:06:48"
34,4,"变压器数量","",0,0,0,0,"2017-03-19 01:24:42","2017-04-11 00:06:48"
35,4,"逆变器数量","",0,0,0,0,"2017-03-19 01:24:50","2017-04-11 00:06:48"
36,4,"汇流箱数量","",0,0,0,0,"2017-03-19 01:24:59","2017-04-11 00:06:48"
37,4,"光伏板数量","",0,0,0,0,"2017-03-19 01:25:10","2017-04-11 00:06:48"
38,5,"升压站名称","",0,0,0,0,"2017-03-19 01:25:37","2017-04-11 00:06:48"
39,5,"容量","",0,0,0,0,"2017-03-19 01:25:44","2017-04-11 00:06:48"
40,5,"二次电压","",0,0,0,0,"2017-03-19 01:25:54","2017-04-11 00:06:48"
41,5,"一次电压","",0,0,0,0,"2017-03-19 01:26:06","2017-04-11 00:06:48"
42,5,"主变数量","",0,0,0,0,"2017-03-19 01:26:20","2017-04-11 00:06:48"
43,6,"序号","",0,0,0,0,"2017-03-19 01:30:50","2017-04-11 00:06:48"
44,6,"分站编号","entityId",1,0,0,0,"2017-03-19 01:31:05","2017-04-11 00:09:16"
45,6,"分站名称","",0,0,0,0,"2017-03-19 01:31:11","2017-04-11 00:06:48"
46,6,"变压器数量","",0,0,0,0,"2017-03-19 01:31:31","2017-04-11 00:06:48"
47,6,"逆变器数量","",0,0,0,0,"2017-03-19 01:31:39","2017-04-11 00:06:48"
48,6,"汇流箱数量","",0,0,0,0,"2017-03-19 01:31:49","2017-04-11 00:06:48"
49,6,"光伏板数量","",0,0,0,0,"2017-03-19 01:31:58","2017-04-11 00:06:48"
50,7,"型号","",0,0,1,0,"2017-03-19 01:32:37","2017-04-11 00:06:48"
51,7,"厂家","",0,0,1,0,"2017-03-19 01:32:41","2017-04-11 00:06:48"
52,7,"容量","",0,0,1,0,"2017-03-19 01:32:49","2017-04-11 00:06:48"
53,7,"一次电流","",0,0,1,0,"2017-03-19 01:32:54","2017-04-11 00:06:48"
54,7,"一次电压","",0,0,1,0,"2017-03-19 01:33:02","2017-04-11 00:06:48"
55,7,"二次电流","",0,0,1,0,"2017-03-19 01:33:06","2017-04-11 00:06:48"
56,7,"二次电压","",0,0,1,0,"2017-03-19 01:33:11","2017-04-11 00:06:48"
57,8,"型号","",0,0,1,0,"2017-03-19 01:33:36","2017-04-11 00:06:48"
58,8,"厂家","",0,0,1,0,"2017-03-19 01:33:40","2017-04-11 00:06:48"
59,8,"额定功率","",0,0,1,0,"2017-03-19 01:33:47","2017-04-11 00:06:48"
60,8,"额定交流电压","",0,0,1,0,"2017-03-19 01:33:54","2017-04-11 00:06:48"
61,8,"额定交流电流","",0,0,1,0,"2017-03-19 01:34:04","2017-04-11 00:06:48"
62,8,"额定直流电压","",0,0,1,0,"2017-03-19 01:34:24","2017-04-11 00:06:48"
63,8,"额定直流电流","",0,0,1,0,"2017-03-19 01:34:30","2017-04-11 00:06:48"
64,8,"频率","",0,0,1,0,"2017-03-19 01:34:39","2017-04-11 00:06:48"
65,8,"逆变效率","",0,0,1,0,"2017-03-19 01:34:50","2017-04-11 00:06:48"
66,9,"型号","",0,0,1,0,"2017-03-19 01:35:00","2017-04-11 00:06:48"
67,9,"厂家","",0,0,1,0,"2017-03-19 01:36:24","2017-04-11 00:06:48"
68,9,"额定功率","",0,0,1,0,"2017-03-19 01:36:43","2017-04-11 00:06:48"
69,9,"支路数量","",0,0,1,0,"2017-03-19 01:36:54","2017-04-11 00:06:48"
70,9,"支路电流","",0,0,1,0,"2017-03-19 01:37:01","2017-04-11 00:06:48"
71,9,"支路电压","",0,0,1,0,"2017-03-19 01:37:17","2017-04-11 00:06:48"
72,10,"型号","",0,0,1,0,"2017-03-19 01:37:21","2017-04-11 00:06:48"
73,10,"厂家","",0,0,1,0,"2017-03-19 01:37:26","2017-04-11 00:06:48"
74,10,"额定功率","",0,0,1,0,"2017-03-19 01:37:35","2017-04-11 00:06:48"
75,10,"额定电压","",0,0,1,0,"2017-03-19 01:37:40","2017-04-11 00:06:48"
76,10,"额定电流","",0,0,1,0,"2017-03-19 01:37:47","2017-04-11 00:06:48"
77,10,"尺寸","",0,0,1,0,"2017-03-19 01:37:51","2017-04-11 00:06:48"
78,7,"采购日期","",0,0,0,0,"2017-04-06 17:35:30","2017-04-11 00:06:48"
79,7,"上次维护日期","",0,0,0,0,"2017-04-06 17:35:44","2017-04-11 00:06:48"
80,7,"维护统计","",0,0,0,0,"2017-04-06 17:35:51","2017-04-11 00:06:48"
81,8,"采购日期","",0,0,0,0,"2017-04-06 17:36:00","2017-04-11 00:06:48"
82,8,"上次维护日期","",0,0,0,0,"2017-04-06 17:36:08","2017-04-11 00:06:48"
83,8,"维护统计","",0,0,0,0,"2017-04-06 17:36:21","2017-04-11 00:06:48"
84,9,"采购日期","",0,0,0,0,"2017-04-06 17:36:30","2017-04-11 00:06:48"
85,9,"上次维护日期","",0,0,0,0,"2017-04-06 17:36:38","2017-04-11 00:06:48"
86,9,"维护统计","",0,0,0,0,"2017-04-06 17:36:43","2017-04-11 00:06:48"
87,10,"采购日期","",0,0,0,0,"2017-04-06 17:36:52","2017-04-11 00:06:48"
88,10,"上次维护日期","",0,0,0,0,"2017-04-06 17:36:58","2017-04-11 00:06:48"
89,10,"维护统计","",0,0,0,0,"2017-04-06 17:37:05","2017-04-11 00:06:48"
91,2,"实时总有功功率","active_power_all",0,1,0,0,"2017-04-11 17:48:46","2017-04-11 17:48:46"
92,2," 节约标煤","carbon_save",0,1,0,0,"2017-04-11 17:48:46","2017-04-11 17:48:46"
93,2,"CO2减排量","co2_redution",0,1,0,0,"2017-04-11 17:48:46","2017-04-11 17:48:46"
94,2,"日预测发电量","energy_forecast_day",0,1,0,0,"2017-04-11 17:48:46","2017-04-11 17:48:46"
95,2,"月预测发电量","energy_forecast_month",0,1,0,0,"2017-04-11 17:48:46","2017-04-11 17:48:46"
96,2,"年预测发电量","energy_forecast_year",0,1,0,0,"2017-04-11 17:48:46","2017-04-11 17:48:46"
97,2,"累计发电量","energy_sum_all",0,1,0,0,"2017-04-11 17:48:46","2017-04-11 17:48:46"
98,2,"日发电量   ","energy_sum_day",0,1,0,0,"2017-04-11 17:48:46","2017-04-11 17:48:46"
99,2,"月发电量","energy_sum_month",0,1,0,0,"2017-04-11 17:48:46","2017-04-11 17:48:46"
100,2,"年发电量","energy_sum_year",0,1,0,0,"2017-04-11 17:48:46","2017-04-11 17:48:46"
101,2,"实体编号","id",0,1,0,0,"2017-04-11 17:48:46","2017-04-11 17:48:46"
102,2,"集团名称","name",0,1,0,0,"2017-04-11 17:48:46","2017-04-11 17:48:46"
103,2,"NO2减排量","no2_redution",0,1,0,0,"2017-04-11 17:48:46","2017-04-11 17:48:46"
104,2,"颗粒物减排量","pms_redution",0,1,0,0,"2017-04-11 17:48:46","2017-04-11 17:48:46"
105,2,"实时总无功功率","reactive_power_al",0,1,0,0,"2017-04-11 17:48:46","2017-04-11 17:48:46"
106,2,"SO2减排量","so2_redution",0,1,0,0,"2017-04-11 17:48:46","2017-04-11 17:48:46"
107,3,"实时总有功功率","active_power_all",0,1,0,0,"2017-04-11 17:53:39","2017-04-11 17:53:39"
108,3," 节约标煤","carbon_save",0,1,0,0,"2017-04-11 17:53:39","2017-04-11 17:53:39"
109,3,"CO2减排量","co2_redution",0,1,0,0,"2017-04-11 17:53:39","2017-04-11 17:53:39"
110,3,"安全运行天数","days_saferunning",0,1,0,0,"2017-04-11 17:53:39","2017-04-11 17:53:39"
111,3,"日发电效率","efficiency_day",0,1,0,0,"2017-04-11 17:53:39","2017-04-11 17:53:39"
112,3,"月发电效率","efficiency_month",0,1,0,0,"2017-04-11 17:53:39","2017-04-11 17:53:39"
113,3,"年发电效率","efficiency_year",0,1,0,0,"2017-04-11 17:53:39","2017-04-11 17:53:39"
114,3,"日预测发电量","energy_forecast_day",0,1,0,0,"2017-04-11 17:53:39","2017-04-11 17:53:39"
115,3,"月预测发电量","energy_forecast_month",0,1,0,0,"2017-04-11 17:53:39","2017-04-11 17:53:39"
116,3,"年预测发电量","energy_forecast_year",0,1,0,0,"2017-04-11 17:53:39","2017-04-11 17:53:39"
117,3,"累计发电量","energy_sum_all",0,1,0,0,"2017-04-11 17:53:39","2017-04-11 17:53:39"
118,3,"日发电量   ","energy_sum_day",0,1,0,0,"2017-04-11 17:53:39","2017-04-11 17:53:39"
119,3,"月发电量","energy_sum_month",0,1,0,0,"2017-04-11 17:53:39","2017-04-11 17:53:39"
120,3,"年发电量","energy_sum_year",0,1,0,0,"2017-04-11 17:53:39","2017-04-11 17:53:39"
121,3,"湿度","humidity",0,1,0,0,"2017-04-11 17:53:39","2017-04-11 17:53:39"
122,3,"实体编号","id",0,1,0,0,"2017-04-11 17:53:39","2017-04-11 17:53:39"
123,3,"光照","illamination",0,1,0,0,"2017-04-11 17:53:39","2017-04-11 17:53:39"
124,3,"项目名称","name",0,1,0,0,"2017-04-11 17:53:39","2017-04-11 17:53:39"
125,3,"NO2减排量","no2_redution",0,1,0,0,"2017-04-11 17:53:39","2017-04-11 17:53:39"
126,3,"颗粒物减排量","pms_redution",0,1,0,0,"2017-04-11 17:53:39","2017-04-11 17:53:39"
127,3,"光功率预测","power_luminous_forecast",0,1,0,0,"2017-04-11 17:53:39","2017-04-11 17:53:39"
128,3,"光功率实测","power_luminous_value",0,1,0,0,"2017-04-11 17:53:39","2017-04-11 17:53:39"
129,3,"实时总无功功率","reactive_power_al",0,1,0,0,"2017-04-11 17:53:39","2017-04-11 17:53:39"
130,3,"SO2减排量","so2_redution",0,1,0,0,"2017-04-11 17:53:39","2017-04-11 17:53:39"
131,3,"温度","temperature",0,1,0,0,"2017-04-11 17:53:39","2017-04-11 17:53:39"
132,3,"风向","wind_direction",0,1,0,0,"2017-04-11 17:53:39","2017-04-11 17:53:39"
133,3,"风速","wind_speed",0,1,0,0,"2017-04-11 17:53:39","2017-04-11 17:53:39"
134,4,"总有功功率","active_power_all",0,1,0,0,"2017-04-11 17:57:35","2017-04-11 17:57:35"
135,4,"总功率因数","cos_all",0,1,0,0,"2017-04-11 17:57:35","2017-04-11 17:57:35"
136,4,"总输出电流A","i_a",0,1,0,0,"2017-04-11 17:57:35","2017-04-11 17:57:35"
137,4,"总输出电流B","i_b",0,1,0,0,"2017-04-11 17:57:35","2017-04-11 17:57:35"
138,4,"总输出电流C","i_c",0,1,0,0,"2017-04-11 17:57:35","2017-04-11 17:57:35"
139,4,"总无功功率","reactive_power_all",0,1,0,0,"2017-04-11 17:57:35","2017-04-11 17:57:35"
140,4,"电网线电压AB","u_ab",0,1,0,0,"2017-04-11 17:57:35","2017-04-11 17:57:35"
141,4,"电网线电压BC","u_bc",0,1,0,0,"2017-04-11 17:57:35","2017-04-11 17:57:35"
142,4,"电网线电压CA","u_ca",0,1,0,0,"2017-04-11 17:57:35","2017-04-11 17:57:35"
143,4,"实时总有功功率","active_power_all",0,1,0,0,"2017-04-11 17:57:35","2017-04-11 17:57:35"
144,4," 节约标煤","carbon_save",0,1,0,0,"2017-04-11 17:57:35","2017-04-11 17:57:35"
145,4,"CO2减排量","co2_redution",0,1,0,0,"2017-04-11 17:57:35","2017-04-11 17:57:35"
146,4,"日预测发电量","energy_forecast_day",0,1,0,0,"2017-04-11 17:57:35","2017-04-11 17:57:35"
147,4,"月预测发电量","energy_forecast_month",0,1,0,0,"2017-04-11 17:57:35","2017-04-11 17:57:35"
148,4,"年预测发电量","energy_forecast_year",0,1,0,0,"2017-04-11 17:57:35","2017-04-11 17:57:35"
149,4,"累计发电量","energy_sum_all",0,1,0,0,"2017-04-11 17:57:35","2017-04-11 17:57:35"
150,4,"日发电量","energy_sum_day",0,1,0,0,"2017-04-11 17:57:35","2017-04-11 17:57:35"
151,4,"月发电量","energy_sum_month",0,1,0,0,"2017-04-11 17:57:35","2017-04-11 17:57:35"
152,4,"年发电量","energy_sum_year",0,1,0,0,"2017-04-11 17:57:35","2017-04-11 17:57:35"
153,4,"实体编号","id",0,1,0,0,"2017-04-11 17:57:35","2017-04-11 17:57:35"
154,4,"名称","name",0,1,0,0,"2017-04-11 17:57:35","2017-04-11 17:57:35"
155,4,"NO2减排量","no2_redution",0,1,0,0,"2017-04-11 17:57:35","2017-04-11 17:57:35"
156,4,"颗粒物减排量","pms_redution",0,1,0,0,"2017-04-11 17:57:35","2017-04-11 17:57:35"
157,4,"实时总无功功率","reactive_power_al",0,1,0,0,"2017-04-11 17:57:35","2017-04-11 17:57:35"
158,4,"SO2减排量","so2_redution",0,1,0,0,"2017-04-11 17:57:35","2017-04-11 17:57:35"
159,6,"总有功功率","active_power_all",0,1,0,0,"2017-04-11 17:59:41","2017-04-11 17:59:41"
160,6,"总功率因数","cos_all",0,1,0,0,"2017-04-11 17:59:41","2017-04-11 17:59:41"
161,6,"总输出电流A","i_a",0,1,0,0,"2017-04-11 17:59:41","2017-04-11 17:59:41"
162,6,"总输出电流B","i_b",0,1,0,0,"2017-04-11 17:59:41","2017-04-11 17:59:41"
163,6,"总输出电流C","i_c",0,1,0,0,"2017-04-11 17:59:41","2017-04-11 17:59:41"
164,6,"总无功功率","reactive_power_all",0,1,0,0,"2017-04-11 17:59:41","2017-04-11 17:59:41"
165,6,"电网线电压AB","u_ab",0,1,0,0,"2017-04-11 17:59:41","2017-04-11 17:59:41"
166,6,"电网线电压BC","u_bc",0,1,0,0,"2017-04-11 17:59:41","2017-04-11 17:59:41"
167,6,"电网线电压CA","u_ca",0,1,0,0,"2017-04-11 17:59:41","2017-04-11 17:59:41"
168,6,"实时总有功功率","active_power_all",0,1,0,0,"2017-04-11 17:59:41","2017-04-11 17:59:41"
169,6," 节约标煤","carbon_save",0,1,0,0,"2017-04-11 17:59:41","2017-04-11 17:59:41"
170,6,"CO2减排量","co2_redution",0,1,0,0,"2017-04-11 17:59:41","2017-04-11 17:59:41"
171,6,"日预测发电量","energy_forecast_day",0,1,0,0,"2017-04-11 17:59:41","2017-04-11 17:59:41"
172,6,"月预测发电量","energy_forecast_month",0,1,0,0,"2017-04-11 17:59:41","2017-04-11 17:59:41"
173,6,"年预测发电量","energy_forecast_year",0,1,0,0,"2017-04-11 17:59:41","2017-04-11 17:59:41"
174,6,"累计发电量","energy_sum_all",0,1,0,0,"2017-04-11 17:59:41","2017-04-11 17:59:41"
175,6,"日发电量","energy_sum_day",0,1,0,0,"2017-04-11 17:59:41","2017-04-11 17:59:41"
176,6,"月发电量","energy_sum_month",0,1,0,0,"2017-04-11 17:59:41","2017-04-11 17:59:41"
177,6,"年发电量","energy_sum_year",0,1,0,0,"2017-04-11 17:59:41","2017-04-11 17:59:41"
178,6,"实体编号","id",0,1,0,0,"2017-04-11 17:59:41","2017-04-11 17:59:41"
179,6,"名称","name",0,1,0,0,"2017-04-11 17:59:41","2017-04-11 17:59:41"
180,6,"NO2减排量","no2_redution",0,1,0,0,"2017-04-11 17:59:41","2017-04-11 17:59:41"
181,6,"颗粒物减排量","pms_redution",0,1,0,0,"2017-04-11 17:59:41","2017-04-11 17:59:41"
182,6,"实时总无功功率","reactive_power_al",0,1,0,0,"2017-04-11 17:59:41","2017-04-11 17:59:41"
183,6,"SO2减排量","so2_redution",0,1,0,0,"2017-04-11 17:59:41","2017-04-11 17:59:41"
184,5,"编号","id",0,1,0,0,"2017-04-11 18:02:30","2017-04-11 18:02:30"
185,5,"所属区域","area",0,1,0,0,"2017-04-11 18:02:30","2017-04-11 18:02:30"
186,5,"所属项目","project_name",0,1,0,0,"2017-04-11 18:02:30","2017-04-11 18:02:30"
187,5,"输出累计电量","energy_sum_all",0,1,0,0,"2017-04-11 18:02:30","2017-04-11 18:02:30"
188,5,"输入累计电量","energy_sum_all_in",0,1,0,0,"2017-04-11 18:02:30","2017-04-11 18:02:30"
189,5,"年发电量","energy_sum_year",0,1,0,0,"2017-04-11 18:02:30","2017-04-11 18:02:30"
190,5,"月发电量","energy_sum_month",0,1,0,0,"2017-04-11 18:02:30","2017-04-11 18:02:30"
191,5,"日发电量","energy_sum_day",0,1,0,0,"2017-04-11 18:02:30","2017-04-11 18:02:30"
192,5,"输入功率","power_in",0,1,0,0,"2017-04-11 18:02:30","2017-04-11 18:02:30"
193,5,"输出功率","power_out",0,1,0,0,"2017-04-11 18:02:30","2017-04-11 18:02:30"
194,5,"转换效率","efficiency",0,1,0,0,"2017-04-11 18:02:30","2017-04-11 18:02:30"
195,5,"总有功功率","active_power_all",0,1,0,0,"2017-04-11 18:02:30","2017-04-11 18:02:30"
196,5,"总无功功率","reactive_power_all",0,1,0,0,"2017-04-11 18:02:30","2017-04-11 18:02:30"
197,5,"总功率因数","cos_all",0,1,0,0,"2017-04-11 18:02:30","2017-04-11 18:02:30"
198,5,"总输出电流A","i_a",0,1,0,0,"2017-04-11 18:02:30","2017-04-11 18:02:30"
199,5,"总输出电流B","i_b",0,1,0,0,"2017-04-11 18:02:30","2017-04-11 18:02:30"
200,5,"总输出电流C","i_c",0,1,0,0,"2017-04-11 18:02:30","2017-04-11 18:02:30"
201,5,"电网线电压AB","u_ab",0,1,0,0,"2017-04-11 18:02:30","2017-04-11 18:02:30"
202,5,"电网线电压BC","u_bc",0,1,0,0,"2017-04-11 18:02:30","2017-04-11 18:02:30"
203,5,"电网线电压CA","u_ca",0,1,0,0,"2017-04-11 18:02:30","2017-04-11 18:02:30"
204,7,"所属区域","area",0,1,0,0,"2017-04-11 18:05:44","2017-04-11 18:05:44"
205,7,"一次侧功率因数","cos_1",0,1,0,0,"2017-04-11 18:05:44","2017-04-11 18:05:44"
206,7,"二次侧功率因数","cos_2",0,1,0,0,"2017-04-11 18:05:44","2017-04-11 18:05:44"
207,7,"输出累计电量","energy_sum_all",0,1,0,0,"2017-04-11 18:05:44","2017-04-11 18:05:44"
208,7,"输入累计电量","energy_sum_all_in",0,1,0,0,"2017-04-11 18:05:44","2017-04-11 18:05:44"
209,7,"日发电量","energy_sum_day",0,1,0,0,"2017-04-11 18:05:44","2017-04-11 18:05:44"
210,7,"月发电量","energy_sum_month",0,1,0,0,"2017-04-11 18:05:44","2017-04-11 18:05:44"
211,7,"年发电量","energy_sum_year",0,1,0,0,"2017-04-11 18:05:44","2017-04-11 18:05:44"
212,7,"一次侧频率","frequency_1",0,1,0,0,"2017-04-11 18:05:44","2017-04-11 18:05:44"
213,7,"二次侧频率","frequency_2",0,1,0,0,"2017-04-11 18:05:44","2017-04-11 18:05:44"
214,7,"一次侧A相电流","i_1a",0,1,0,0,"2017-04-11 18:05:44","2017-04-11 18:05:44"
215,7,"一次侧B相电流","i_1b",0,1,0,0,"2017-04-11 18:05:44","2017-04-11 18:05:44"
216,7,"一次侧C相电流","i_1c",0,1,0,0,"2017-04-11 18:05:44","2017-04-11 18:05:44"
217,7,"一次侧零线电流","i_1o",0,1,0,0,"2017-04-11 18:05:44","2017-04-11 18:05:44"
218,7,"二次侧A相电流","i_2a",0,1,0,0,"2017-04-11 18:05:44","2017-04-11 18:05:44"
219,7,"二次侧B相电流","i_2b",0,1,0,0,"2017-04-11 18:05:44","2017-04-11 18:05:44"
220,7,"二次侧C相电流","i_2c",0,1,0,0,"2017-04-11 18:05:44","2017-04-11 18:05:44"
221,7,"二次侧零线电流","i_2o",0,1,0,0,"2017-04-11 18:05:44","2017-04-11 18:05:44"
222,7,"编号","id",0,1,0,0,"2017-04-11 18:05:44","2017-04-11 18:05:44"
223,7,"一次侧有功功率","p_1",0,1,0,0,"2017-04-11 18:05:44","2017-04-11 18:05:44"
224,7,"二次侧有功功率","p_2",0,1,0,0,"2017-04-11 18:05:44","2017-04-11 18:05:44"
225,7,"输入功率","power_in",0,1,0,0,"2017-04-11 18:05:44","2017-04-11 18:05:44"
226,7,"输出功率","power_out",0,1,0,0,"2017-04-11 18:05:44","2017-04-11 18:05:44"
227,7,"转换效率","privateFloatefficiency",0,1,0,0,"2017-04-11 18:05:44","2017-04-11 18:05:44"
228,7,"所属项目","project_name",0,1,0,0,"2017-04-11 18:05:44","2017-04-11 18:05:44"
229,7,"一次侧无功功率","q_1",0,1,0,0,"2017-04-11 18:05:44","2017-04-11 18:05:44"
230,7,"二次侧无功功率","q_2",0,1,0,0,"2017-04-11 18:05:44","2017-04-11 18:05:44"
231,7,"一次侧无功电量累计值","reactiveenergy_sum_all_1",0,1,0,0,"2017-04-11 18:05:44","2017-04-11 18:05:44"
232,7,"二次侧无功电量累计值","reactiveenergy_sum_all_2",0,1,0,0,"2017-04-11 18:05:44","2017-04-11 18:05:44"
233,7,"变压器体温","t_dc1",0,1,0,0,"2017-04-11 18:05:44","2017-04-11 18:05:44"
234,7,"一次绕组温度","t_dc2",0,1,0,0,"2017-04-11 18:05:44","2017-04-11 18:05:44"
235,7,"二次绕组温度","t_dc3",0,1,0,0,"2017-04-11 18:05:44","2017-04-11 18:05:44"
236,7,"一次侧AB线电压","u_1ab",0,1,0,0,"2017-04-11 18:05:44","2017-04-11 18:05:44"
237,7,"一次侧BC线电压","u_1bc",0,1,0,0,"2017-04-11 18:05:44","2017-04-11 18:05:44"
238,7,"一次侧CA线电压","u_1ca",0,1,0,0,"2017-04-11 18:05:44","2017-04-11 18:05:44"
239,7,"二次侧AB线电压","u_2ab",0,1,0,0,"2017-04-11 18:05:44","2017-04-11 18:05:44"
240,7,"二次侧BC线电压","u_2bc",0,1,0,0,"2017-04-11 18:05:44","2017-04-11 18:05:44"
241,7,"二次侧CA线电压","u_2ca",0,1,0,0,"2017-04-11 18:05:44","2017-04-11 18:05:44"
242,8,"编号","id",0,1,0,0,"2017-04-11 18:09:49","2017-04-11 18:09:49"
243,8,"所属区域","area",0,1,0,0,"2017-04-11 18:09:49","2017-04-11 18:09:49"
244,8,"所属项目","project_name",0,1,0,0,"2017-04-11 18:09:49","2017-04-11 18:09:49"
245,8,"输出累计电量","energy_sum_all",0,1,0,0,"2017-04-11 18:09:49","2017-04-11 18:09:49"
246,8,"输入累计电量","energy_sum_all_in",0,1,0,0,"2017-04-11 18:09:49","2017-04-11 18:09:49"
247,8,"年发电量","energy_sum_year",0,1,0,0,"2017-04-11 18:09:49","2017-04-11 18:09:49"
248,8,"月发电量","energy_sum_month",0,1,0,0,"2017-04-11 18:09:49","2017-04-11 18:09:49"
249,8,"日发电量","energy_sum_day",0,1,0,0,"2017-04-11 18:09:49","2017-04-11 18:09:49"
250,8,"输入功率","power_in",0,1,0,0,"2017-04-11 18:09:49","2017-04-11 18:09:49"
251,8,"输出功率","power_out",0,1,0,0,"2017-04-11 18:09:49","2017-04-11 18:09:49"
252,8,"转换效率","privateFloatefficiency",0,1,0,0,"2017-04-11 18:09:49","2017-04-11 18:09:49"
253,8,"当日CO2减排量","co2_redution_day",0,1,0,0,"2017-04-11 18:09:49","2017-04-11 18:09:49"
254,8,"累计CO2减排量","co2_redution_sum_all",0,1,0,0,"2017-04-11 18:09:49","2017-04-11 18:09:49"
255,8,"有功功率","active_power_all",0,1,0,0,"2017-04-11 18:09:49","2017-04-11 18:09:49"
256,8,"无功功率","reactive_power_all",0,1,0,0,"2017-04-11 18:09:49","2017-04-11 18:09:49"
257,8,"无功功率绝对值","reactive_power_abs_all",0,1,0,0,"2017-04-11 18:09:49","2017-04-11 18:09:49"
258,8,"累计运行时间(h)","time_running",0,1,0,0,"2017-04-11 18:09:49","2017-04-11 18:09:49"
259,8,"运行状态","status",0,1,0,0,"2017-04-11 18:09:49","2017-04-11 18:09:49"
260,8,"总功率因数","cos",0,1,0,0,"2017-04-11 18:09:49","2017-04-11 18:09:49"
261,8,"总输出电流A","i_a",0,1,0,0,"2017-04-11 18:09:49","2017-04-11 18:09:49"
262,8,"总输出电流B","i_b",0,1,0,0,"2017-04-11 18:09:49","2017-04-11 18:09:49"
263,8,"总输出电流C","i_c",0,1,0,0,"2017-04-11 18:09:49","2017-04-11 18:09:49"
264,8,"电网线电压AB","u_ab",0,1,0,0,"2017-04-11 18:09:49","2017-04-11 18:09:49"
265,8,"电网线电压BC","u_bc",0,1,0,0,"2017-04-11 18:09:49","2017-04-11 18:09:49"
266,8,"电网线电压CA","u_ca",0,1,0,0,"2017-04-11 18:09:49","2017-04-11 18:09:49"
267,8,"A相输出功率因数","cos_a",0,1,0,0,"2017-04-11 18:09:49","2017-04-11 18:09:49"
268,8,"B相输出功率因数","cos_b",0,1,0,0,"2017-04-11 18:09:49","2017-04-11 18:09:49"
269,8,"C相输出功率因数","cos_c",0,1,0,0,"2017-04-11 18:09:49","2017-04-11 18:09:49"
270,8,"A相输出有功功率","p_a",0,1,0,0,"2017-04-11 18:09:49","2017-04-11 18:09:49"
271,8,"B相输出有功功率","p_b",0,1,0,0,"2017-04-11 18:09:49","2017-04-11 18:09:49"
272,8,"C相输出有功功率","p_c",0,1,0,0,"2017-04-11 18:09:49","2017-04-11 18:09:49"
273,8,"A相输出无功功率","q_a",0,1,0,0,"2017-04-11 18:09:49","2017-04-11 18:09:49"
274,8,"B相输出无功功率","q_b",0,1,0,0,"2017-04-11 18:09:49","2017-04-11 18:09:49"
275,8,"C相输出无功功率","q_c",0,1,0,0,"2017-04-11 18:09:49","2017-04-11 18:09:49"
276,8,"输出频率","frequency",0,1,0,0,"2017-04-11 18:09:49","2017-04-11 18:09:49"
277,8,"直流输入电流","i_dc",0,1,0,0,"2017-04-11 18:09:49","2017-04-11 18:09:49"
278,8,"直流输入电压","u_dc",0,1,0,0,"2017-04-11 18:09:49","2017-04-11 18:09:49"
279,8,"直流功率","p_dc",0,1,0,0,"2017-04-11 18:09:49","2017-04-11 18:09:49"
280,8,"PV电压","u_pv",0,1,0,0,"2017-04-11 18:09:49","2017-04-11 18:09:49"
281,8,"PV输入功率","p_pv",0,1,0,0,"2017-04-11 18:09:49","2017-04-11 18:09:49"
282,8,"逆变器温度","t_v",0,1,0,0,"2017-04-11 18:09:49","2017-04-11 18:09:49"
283,8,"模块1IGBT温度","t_igbt_1",0,1,0,0,"2017-04-11 18:09:49","2017-04-11 18:09:49"
284,8,"模块2IGBT温度","t_igbt_2",0,1,0,0,"2017-04-11 18:09:49","2017-04-11 18:09:49"
285,8,"机房环境温度","t_indoor",0,1,0,0,"2017-04-11 18:09:49","2017-04-11 18:09:49"
286,8,"直流柜1路电流","i_dc_ch1",0,1,0,0,"2017-04-11 18:09:49","2017-04-11 18:09:49"
287,8,"直流柜2路电流","i_dc_ch2",0,1,0,0,"2017-04-11 18:09:49","2017-04-11 18:09:49"
288,8,"直流柜3路电流","i_dc_ch3",0,1,0,0,"2017-04-11 18:09:49","2017-04-11 18:09:49"
289,8,"直流柜4路电流","i_dc_ch4",0,1,0,0,"2017-04-11 18:09:49","2017-04-11 18:09:49"
290,8,"直流柜5路电流","i_dc_ch5",0,1,0,0,"2017-04-11 18:09:49","2017-04-11 18:09:49"
291,8,"直流柜6路电流","i_dc_ch6",0,1,0,0,"2017-04-11 18:09:49","2017-04-11 18:09:49"
292,8,"直流柜7路电流","i_dc_ch7",0,1,0,0,"2017-04-11 18:09:49","2017-04-11 18:09:49"
293,8,"直流柜8路电流","i_dc_ch8",0,1,0,0,"2017-04-11 18:09:49","2017-04-11 18:09:49"
294,9,"编号","id",0,1,0,0,"2017-04-11 18:12:55","2017-04-11 18:12:55"
295,9,"所属区域","area",0,1,0,0,"2017-04-11 18:12:55","2017-04-11 18:12:55"
296,9,"所属项目","project_name",0,1,0,0,"2017-04-11 18:12:55","2017-04-11 18:12:55"
297,9,"输出累计电量","energy_sum_all",0,1,0,0,"2017-04-11 18:12:55","2017-04-11 18:12:55"
298,9,"输入累计电量","energy_sum_all_in",0,1,0,0,"2017-04-11 18:12:55","2017-04-11 18:12:55"
299,9,"年发电量","energy_sum_year",0,1,0,0,"2017-04-11 18:12:55","2017-04-11 18:12:55"
300,9,"月发电量","energy_sum_month",0,1,0,0,"2017-04-11 18:12:55","2017-04-11 18:12:55"
301,9,"日发电量","energy_sum_day",0,1,0,0,"2017-04-11 18:12:55","2017-04-11 18:12:55"
302,9,"输入功率","power_in",0,1,0,0,"2017-04-11 18:12:55","2017-04-11 18:12:55"
303,9,"输出功率","power_out",0,1,0,0,"2017-04-11 18:12:55","2017-04-11 18:12:55"
304,9,"转换效率","efficiency",0,1,0,0,"2017-04-11 18:12:55","2017-04-11 18:12:55"
305,9,"汇流箱1路电流","i_ch1",0,1,0,0,"2017-04-11 18:12:55","2017-04-11 18:12:55"
306,9,"汇流箱2路电流","i_ch2",0,1,0,0,"2017-04-11 18:12:55","2017-04-11 18:12:55"
307,9,"汇流箱3路电流","i_ch3",0,1,0,0,"2017-04-11 18:12:55","2017-04-11 18:12:55"
308,9,"汇流箱4路电流","i_ch4",0,1,0,0,"2017-04-11 18:12:55","2017-04-11 18:12:55"
309,9,"汇流箱5路电流","i_ch5",0,1,0,0,"2017-04-11 18:12:55","2017-04-11 18:12:55"
310,9,"汇流箱6路电流","i_ch6",0,1,0,0,"2017-04-11 18:12:55","2017-04-11 18:12:55"
311,9,"汇流箱7路电流","i_ch7",0,1,0,0,"2017-04-11 18:12:55","2017-04-11 18:12:55"
312,9,"汇流箱8路电流","i_ch8",0,1,0,0,"2017-04-11 18:12:55","2017-04-11 18:12:55"
313,9,"汇流箱9路电流","i_ch9",0,1,0,0,"2017-04-11 18:12:55","2017-04-11 18:12:55"
314,9,"汇流箱10路电流","i_ch10",0,1,0,0,"2017-04-11 18:12:55","2017-04-11 18:12:55"
315,9,"汇流箱11路电流","i_ch11",0,1,0,0,"2017-04-11 18:12:55","2017-04-11 18:12:55"
316,9,"汇流箱12路电流","i_ch12",0,1,0,0,"2017-04-11 18:12:55","2017-04-11 18:12:55"
317,9,"汇流箱13路电流","i_ch13",0,1,0,0,"2017-04-11 18:12:55","2017-04-11 18:12:55"
318,9,"汇流箱14路电流","i_ch14",0,1,0,0,"2017-04-11 18:12:55","2017-04-11 18:12:55"
319,9,"汇流箱15路电流","i_ch15",0,1,0,0,"2017-04-11 18:12:55","2017-04-11 18:12:55"
320,9,"汇流箱16路电流","i_ch16",0,1,0,0,"2017-04-11 18:12:55","2017-04-11 18:12:55"
321,9,"汇流箱总电压","u_dc",0,1,0,0,"2017-04-11 18:12:55","2017-04-11 18:12:55"
322,9,"汇流箱输入总功率","p_dc",0,1,0,0,"2017-04-11 18:12:55","2017-04-11 18:12:55"
323,9,"汇流箱温度","t_box",0,1,0,0,"2017-04-11 18:12:55","2017-04-11 18:12:55"
